URL,80
yonomi.co,X,
ns1.allegion.com,X,
trailblazer.allegion.com,X,
allegion.com,X,
ns4.allegion.com,X,
ns3.allegion.com,X,
ns2.allegion.com,X,
ives.allegion.com,X,
gsx.allegion.com,X,
portal.allegion.com,X,
imp.allegion.com,X,
overtur-qa-el-int.allegion.com,X,
sf-m3-integrationdev.anz.allegion.com,X,
promostore.allegion.com,X,
www.allegion.com,X,
sf-m3-integrationprod.anz.allegion.com,X,
frankfurt2.allegion.com,X,
us.allegion.com,X,
stczdisupplier.allegion.com,X,
carmel.allegion.com,X,
kc-test.allegion.com,X,
alle-identity-api.allegion.com,X,
360portal.allegion.com,X,
autodiscover.allegion.com,X,
ordermanagement-dev.allegion.com,X,
micollab.anz.allegion.com,X,
el365demo.allegion.com,X,
auth.yonomi.co,X,
profile.allegion.com,X,
speccy.allegion.com,X,
overtur-dev-el-int.allegion.com,X,
ax.allegion.com,X,
storder.allegion.com,X,
history.allegion.com,X,
pf-api-svc-uat.allegion.com,X,
m.rssecurity.allegion.com,X,
customerlearningcenter.allegion.com,X,
kc.allegion.com,X,
connectors-dev.yonomi.co,X,
ordermanagement-qa.allegion.com,X,
alm-dev.allegion.com,X,
cmg.allegion.com,X,
epub.allegion.com,X,
webstandards.allegion.com,X,
prescription.allegion.com,X,
api.allegion.com,X,
orderstatus-api.allegion.com,X,
dashboard.yonomi.co,X,
overtur-uat-el-int.allegion.com,X,
helpdeskservice.allegion.com,X,
oew.allegion.com,X,
overtur-el-int.allegion.com,X,
mea.allegion.com,X,
multifamily.allegion.com,X,
cr102.allegion.com,X,
sydney.allegion.com,X,
sts.allegion.com,X,
webmftpuat.allegion.com,X,
www.yonomi.co,X,
developer.yonomi.co,X,
apps.yonomi.co,X,
biuat.allegion.com,X,
keycom.allegion.com,X,
accessmgmt.allegion.com,X,
support.overtur.allegion.com,X,
careers.allegion.com,X,
alliances.allegion.com,X,
auth-test.allegion.com,X,
hrtc.allegion.com,X,
support.oeo.allegion.com,X,
connectors.staging.yonomi.co,X,
specrequest.allegion.com,X,
support.360portal.allegion.com,X,
api.yonomi.co,X,
mycredentials.allegion.com,X,
overtur-api-uat.allegion.com,X,
overtur-rendering-api-dev.allegion.com,X,
support.oew.allegion.com,X,
webmdev.allegion.com,X,
mditest.allegion.com,X,
www.pegasys.allegion.com,X,
webmapidev.allegion.com,X,
ordermanagement-uat.allegion.com,X,
feedback.allegion.com,X,
status.allegion.com,X,
feedback-api.allegion.com,X,
inventory.allegion.com,X,
webmftp.allegion.com,X,
webmftptst.allegion.com,X,
stwebmtst.allegion.com,X,
tr.allegion.com,X,
data.staging.yonomi.co,X,
communication.allegion.com,X,
iscwest.allegion.com,X,
el-api-svc-uat.allegion.com,X,
webmsftpuat.allegion.com,X,
webmtest.allegion.com,X,
admstest.allegion.com,X,
keycontrol.allegion.com,X,
profile-dev.allegion.com,X,
hrassignment-dev.allegion.com,X,
ordermanagement.allegion.com,X,
tts.yonomi.co,X,
ordermanagementapi.allegion.com,X,
overtur.allegion.com,X,
res1.nzmarketing.allegion.com,X,
res1.ausmarketing.allegion.com,X,
vip.allegion.com,X,
as2test.allegion.com,X,
startsmart.allegion.com,X,
usmarketing.allegion.com,X,
t.usmktg.allegion.com,X,
m1.nzmarketing.allegion.com,X,
cdn.yonomi.co,X,
smetrics.allegion.com,X,
ivroderstatus-api-dev.allegion.com,X,
apps.staging.yonomi.co,X,
pricingtool.allegion.com,X,
ordermanagement-pt.allegion.com,X,
ricktest.allegion.com,X,
m.usmktg.allegion.com,X,
reporting.allegion.com,X,
r127.usmktg.allegion.com,X,
schlagesupport.allegion.com,X,
allesupport.allegion.com,X,
cisasmartaccess.allegion.com,X,
connectors.dev.yonomi.co,X,
url9355.yonomi.co,X,
usmktg.allegion.com,X,
pcsvc.allegion.com,X,
discover-overtur.allegion.com,X,
webmapitest.allegion.com,X,
groups-test.allegion.com,X,
res.usmktg.allegion.com,X,
auth.staging.yonomi.co,X,
restrictedproduct.allegion.com,X,
sfipo.allegion.com,X,
status.yonomi.co,X,
overtur-rendering-api-uat.allegion.com,X,
dashboard.dev.yonomi.co,X,
t.canmktg.allegion.com,X,
webmapiuat.allegion.com,X,
allegionoewtest.allegion.com,X,
welcome.allegion.com,X,
accessmgmt-test.allegion.com,X,
stuatisupplier.allegion.com,X,
m1.ausmarketing.allegion.com,X,
pegasys.allegion.com,X,
overturapi.allegion.com,X,
stqaisupplier.allegion.com,X,
groups-dev.allegion.com,X,
identity-dev.allegion.com,X,
pws.allegion.com,X,
kss.allegion.com,X,
stdevisupplier.allegion.com,X,
connectors-core.staging.yonomi.co,X,
stczuisupplier.allegion.com,X,
mapper.allegion.com,X,
360portal-api.allegion.com,X,
360portal-cmsapi.allegion.com,X,
connectors.yonomi.co,X,
anzapps.allegion.com,X,
webmuat.allegion.com,X,
overturstatus.allegion.com,X,
connectors-core.yonomi.co,X,
auth.dev.yonomi.co,X,
planviewer.allegion.com,X,
securitytechnologies.allegion.com,X,
t.communication.allegion.com,X,
auth-dev.yonomi.co,X,
stczqisupplier.allegion.com,X,
m.communication.allegion.com,X,
gateway.allegion.com,X,
concealedsolutions.allegion.com,X,
t1.nzmarketing.allegion.com,X,
canmktg.allegion.com,X,
cases.allegion.com,X,
r125.usmktg.allegion.com,X,
api.tickets.cisasmartaccess.allegion.com,X,
cdn.staging.yonomi.co,X,
helpdeskservice-test.allegion.com,X,
thingworxprod.allegion.com,X,
ips.allegion.com,X,
11iorderentryapi.allegion.com,X,
overtur-uat.allegion.com,X,
11iorderentry.allegion.com,X,
crmcases-api.allegion.com,X,
elock.allegion.com,X,
level4.allegion.com,X,
investor.allegion.com,X,
helpdeskservice-dev.allegion.com,X,
overtur-products-media-test.allegion.com,X,
api.backoffice.cisasmartaccess.allegion.com,X,
el-api-svc-dv.allegion.com,X,
admsprod.allegion.com,X,
academy.allegion.com,X,
webmsftp.allegion.com,X,
support.yonomi.co,X,
api.staging.yonomi.co,X,
identity-functions.allegion.com,X,
thegrid.allegion.com,X,
camarketing.allegion.com,X,
devdocs.allegion.com,X,
auckland.allegion.com,X,
avondale.allegion.com,X,
cmp.allegion.com,X,
ns4.allegion.com,X,
pws.allegion.com,X,
bi.allegion.com,X,
webm.allegion.com,X,
sydney.allegion.com,X,
ax.allegion.com,X,
ns2.allegion.com,X,
dr.allegion.com,X,
blog.allegion.com,X,
planviewer.allegion.com,X,
de.allegion.com,X,
sts.allegion.com,X,
kss.allegion.com,X,
prescription.allegion.com,X,
interflex.allegion.com,X,
uk.allegion.com,X,
academy.allegion.com,X,
welcome.allegion.com,X,
mapper.allegion.com,X,
crmportal.allegion.com,X,
ns1.allegion.com,X,
ives.allegion.com,X,
isupplier.allegion.com,X,
mea.allegion.com,X,
merlin.allegion.com,X,
alerts.allegion.com,X,
access.allegion.com,X,
smetrics.allegion.com,X,
gsx.allegion.com,X,
hongkong.allegion.com,X,
magento.allegion.com,X,
metrics.allegion.com,X,
developer.allegion.com,X,
sip.allegion.com,X,
imp.allegion.com,X,
prm.allegion.com,X,
jobs.allegion.com,X,
pricingtool.allegion.com,X,
thegrid.allegion.com,X,
internalcomms.allegion.com,X,
learningcenter.allegion.com,X,
lyncdiscover.allegion.com,X,
tr.allegion.com,X,
communication.allegion.com,X,
engagement.allegion.com,X,
www.allegion.com,X,
status.allegion.com,X,
support.allegion.com,X,
auth.allegion.com,X,
notifications.allegion.com,X,
investor.allegion.com,X,
alm.allegion.com,X,
groups.allegion.com,X,
profile.allegion.com,X,
feedback.allegion.com,X,
cmg.allegion.com,X,
epub.allegion.com,X,
history.allegion.com,X,
careers.allegion.com,X,
communications.allegion.com,X,
ns3.allegion.com,X,
tooling.allegion.com,X,
vip.allegion.com,X,
kc.allegion.com,X,
live.allegion.com,X,
reports.allegion.com,X,
cases.allegion.com,X,
design.allegion.com,X,
portaladmin.allegion.com,X,
inventory.allegion.com,X,
reporting.allegion.com,X,
alliances.allegion.com,X,
autodiscover.allegion.com,X,
portal.allegion.com,X,
ips.allegion.com,X,
us.allegion.com,X,
msoid.allegion.com,X,
securemail.allegion.com,X,
instructions.allegion.com,X,
gateway.allegion.com,X,
home.allegion.com,X,
orderstatus.allegion.com,X,
api.allegion.com,X,
cdn.yonomi.co,X,
status.yonomi.co,X,
www.yonomi.co,X,
auth.yonomi.co,X,
api.yonomi.co,X,
dashboard.yonomi.co,X,
tts.yonomi.co,X,
developer.yonomi.co,X,
email.yonomi.co,X,
data.yonomi.co,X,
apps.yonomi.co,X,
support.yonomi.co,X,