Protocol,Port,Domain,Request Status,Screenshot Path, Source Path
http,80,yonomi.co,Successful,/home/kali/Desktop/practica/EyeWitness/screens/http.yonomi.co.png,/home/kali/Desktop/practica/EyeWitness/source/http.yonomi.co.txt
http,80,ns1.allegion.com,Timeout,/home/kali/Desktop/practica/EyeWitness/screens/http.ns1.allegion.com.png,/home/kali/Desktop/practica/EyeWitness/source/http.ns1.allegion.com.txt
http,80,trailblazer.allegion.com,Successful,/home/kali/Desktop/practica/EyeWitness/screens/http.devdocs.allegion.com.png,/home/kali/Desktop/practica/EyeWitness/source/http.trailblazer.allegion.com.txt
http,80,allegion.com,Successful,/home/kali/Desktop/practica/EyeWitness/screens/http.allegion.com.png,/home/kali/Desktop/practica/EyeWitness/source/http.allegion.com.txt
http,80,ns4.allegion.com,Timeout,/home/kali/Desktop/practica/EyeWitness/screens/http.ns4.allegion.com.png,/home/kali/Desktop/practica/EyeWitness/source/http.ns4.allegion.com.txt
http,80,ns3.allegion.com,Timeout,/home/kali/Desktop/practica/EyeWitness/screens/http.ns3.allegion.com.png,/home/kali/Desktop/practica/EyeWitness/source/http.ns3.allegion.com.txt
http,80,ns2.allegion.com,Timeout,/home/kali/Desktop/practica/EyeWitness/screens/http.ns2.allegion.com.png,/home/kali/Desktop/practica/EyeWitness/source/http.ns2.allegion.com.txt
http,80,ives.allegion.com,BadStatus,/home/kali/Desktop/practica/EyeWitness/screens/http.ives.allegion.com.png,/home/kali/Desktop/practica/EyeWitness/source/http.ives.allegion.com.txt
http,80,gsx.allegion.com,Timeout,/home/kali/Desktop/practica/EyeWitness/screens/http.gsx.allegion.com.png,/home/kali/Desktop/practica/EyeWitness/source/http.gsx.allegion.com.txt
http,80,portal.allegion.com,Successful,/home/kali/Desktop/practica/EyeWitness/screens/http.portal.allegion.com.png,/home/kali/Desktop/practica/EyeWitness/source/http.portal.allegion.com.txt
http,80,imp.allegion.com,Timeout,/home/kali/Desktop/practica/EyeWitness/screens/http.imp.allegion.com.png,/home/kali/Desktop/practica/EyeWitness/source/http.imp.allegion.com.txt
http,80,overtur-qa-el-int.allegion.com,Timeout,/home/kali/Desktop/practica/EyeWitness/screens/http.overtur-qa-el-int.allegion.com.png,/home/kali/Desktop/practica/EyeWitness/source/http.overtur-qa-el-int.allegion.com.txt
http,80,sf-m3-integrationdev.anz.allegion.com,Timeout,/home/kali/Desktop/practica/EyeWitness/screens/http.sf-m3-integrationdev.anz.allegion.com.png,/home/kali/Desktop/practica/EyeWitness/source/http.sf-m3-integrationdev.anz.allegion.com.txt
http,80,promostore.allegion.com,Successful,/home/kali/Desktop/practica/EyeWitness/screens/http.promostore.allegion.com.png,/home/kali/Desktop/practica/EyeWitness/source/http.promostore.allegion.com.txt
http,80,www.allegion.com,Successful,/home/kali/Desktop/practica/EyeWitness/screens/http.www.allegion.com.png,/home/kali/Desktop/practica/EyeWitness/source/http.www.allegion.com.txt
http,80,sf-m3-integrationprod.anz.allegion.com,BadStatus,/home/kali/Desktop/practica/EyeWitness/screens/http.sf-m3-integrationprod.anz.allegion.com.png,/home/kali/Desktop/practica/EyeWitness/source/http.sf-m3-integrationprod.anz.allegion.com.txt
http,80,frankfurt2.allegion.com,Timeout,/home/kali/Desktop/practica/EyeWitness/screens/http.frankfurt2.allegion.com.png,/home/kali/Desktop/practica/EyeWitness/source/http.frankfurt2.allegion.com.txt
http,80,us.allegion.com,Timeout,/home/kali/Desktop/practica/EyeWitness/screens/http.us.allegion.com.png,/home/kali/Desktop/practica/EyeWitness/source/http.us.allegion.com.txt
http,80,stczdisupplier.allegion.com,Timeout,/home/kali/Desktop/practica/EyeWitness/screens/http.stczdisupplier.allegion.com.png,/home/kali/Desktop/practica/EyeWitness/source/http.stczdisupplier.allegion.com.txt
http,80,carmel.allegion.com,Timeout,/home/kali/Desktop/practica/EyeWitness/screens/http.carmel.allegion.com.png,/home/kali/Desktop/practica/EyeWitness/source/http.carmel.allegion.com.txt
http,80,kc-test.allegion.com,Successful,/home/kali/Desktop/practica/EyeWitness/screens/http.kc-test.allegion.com.png,/home/kali/Desktop/practica/EyeWitness/source/http.kc-test.allegion.com.txt
http,80,alle-identity-api.allegion.com,Successful,/home/kali/Desktop/practica/EyeWitness/screens/http.notifications.allegion.com.png,/home/kali/Desktop/practica/EyeWitness/source/http.alle-identity-api.allegion.com.txt
http,80,360portal.allegion.com,Timeout,/home/kali/Desktop/practica/EyeWitness/screens/http.360portal.allegion.com.png,/home/kali/Desktop/practica/EyeWitness/source/http.360portal.allegion.com.txt
http,80,autodiscover.allegion.com,Successful,/home/kali/Desktop/practica/EyeWitness/screens/http.autodiscover.allegion.com.png,/home/kali/Desktop/practica/EyeWitness/source/http.autodiscover.allegion.com.txt
http,80,ordermanagement-dev.allegion.com,Timeout,/home/kali/Desktop/practica/EyeWitness/screens/http.ordermanagement-dev.allegion.com.png,/home/kali/Desktop/practica/EyeWitness/source/http.ordermanagement-dev.allegion.com.txt
http,80,micollab.anz.allegion.com,Successful,/home/kali/Desktop/practica/EyeWitness/screens/http.micollab.anz.allegion.com.png,/home/kali/Desktop/practica/EyeWitness/source/http.micollab.anz.allegion.com.txt
http,80,el365demo.allegion.com,Timeout,/home/kali/Desktop/practica/EyeWitness/screens/http.el365demo.allegion.com.png,/home/kali/Desktop/practica/EyeWitness/source/http.el365demo.allegion.com.txt
http,80,auth.yonomi.co,Successful,/home/kali/Desktop/practica/EyeWitness/screens/http.auth.staging.yonomi.co.png,/home/kali/Desktop/practica/EyeWitness/source/http.auth.yonomi.co.txt
http,80,profile.allegion.com,Timeout,/home/kali/Desktop/practica/EyeWitness/screens/http.profile.allegion.com.png,/home/kali/Desktop/practica/EyeWitness/source/http.profile.allegion.com.txt
http,80,speccy.allegion.com,Successful,/home/kali/Desktop/practica/EyeWitness/screens/http.planviewer.allegion.com.png,/home/kali/Desktop/practica/EyeWitness/source/http.speccy.allegion.com.txt
http,80,overtur-dev-el-int.allegion.com,Timeout,/home/kali/Desktop/practica/EyeWitness/screens/http.overtur-dev-el-int.allegion.com.png,/home/kali/Desktop/practica/EyeWitness/source/http.overtur-dev-el-int.allegion.com.txt
http,80,ax.allegion.com,Timeout,/home/kali/Desktop/practica/EyeWitness/screens/http.ax.allegion.com.png,/home/kali/Desktop/practica/EyeWitness/source/http.ax.allegion.com.txt
http,80,storder.allegion.com,BadStatus,/home/kali/Desktop/practica/EyeWitness/screens/http.storder.allegion.com.png,/home/kali/Desktop/practica/EyeWitness/source/http.storder.allegion.com.txt
http,80,history.allegion.com,Successful,/home/kali/Desktop/practica/EyeWitness/screens/http.planviewer.allegion.com.png,/home/kali/Desktop/practica/EyeWitness/source/http.history.allegion.com.txt
http,80,pf-api-svc-uat.allegion.com,Timeout,/home/kali/Desktop/practica/EyeWitness/screens/http.pf-api-svc-uat.allegion.com.png,/home/kali/Desktop/practica/EyeWitness/source/http.pf-api-svc-uat.allegion.com.txt
http,80,m.rssecurity.allegion.com,Timeout,/home/kali/Desktop/practica/EyeWitness/screens/http.m.rssecurity.allegion.com.png,/home/kali/Desktop/practica/EyeWitness/source/http.m.rssecurity.allegion.com.txt
http,80,customerlearningcenter.allegion.com,Timeout,/home/kali/Desktop/practica/EyeWitness/screens/http.customerlearningcenter.allegion.com.png,/home/kali/Desktop/practica/EyeWitness/source/http.customerlearningcenter.allegion.com.txt
http,80,kc.allegion.com,Successful,/home/kali/Desktop/practica/EyeWitness/screens/http.kc.allegion.com.png,/home/kali/Desktop/practica/EyeWitness/source/http.kc.allegion.com.txt
http,80,connectors-dev.yonomi.co,Successful,/home/kali/Desktop/practica/EyeWitness/screens/http.connectors-dev.yonomi.co.png,/home/kali/Desktop/practica/EyeWitness/source/http.connectors-dev.yonomi.co.txt
http,80,ordermanagement-qa.allegion.com,Timeout,/home/kali/Desktop/practica/EyeWitness/screens/http.ordermanagement-qa.allegion.com.png,/home/kali/Desktop/practica/EyeWitness/source/http.ordermanagement-qa.allegion.com.txt
http,80,alm-dev.allegion.com,Timeout,/home/kali/Desktop/practica/EyeWitness/screens/http.alm-dev.allegion.com.png,/home/kali/Desktop/practica/EyeWitness/source/http.alm-dev.allegion.com.txt
http,80,cmg.allegion.com,Successful,/home/kali/Desktop/practica/EyeWitness/screens/http.notifications.allegion.com.png,/home/kali/Desktop/practica/EyeWitness/source/http.cmg.allegion.com.txt
http,80,epub.allegion.com,Timeout,/home/kali/Desktop/practica/EyeWitness/screens/http.epub.allegion.com.png,/home/kali/Desktop/practica/EyeWitness/source/http.epub.allegion.com.txt
http,80,webstandards.allegion.com,Successful,/home/kali/Desktop/practica/EyeWitness/screens/http.crmcases-api.allegion.com.png,/home/kali/Desktop/practica/EyeWitness/source/http.webstandards.allegion.com.txt
http,80,prescription.allegion.com,Timeout,/home/kali/Desktop/practica/EyeWitness/screens/http.prescription.allegion.com.png,/home/kali/Desktop/practica/EyeWitness/source/http.prescription.allegion.com.txt
http,80,api.allegion.com,Successful,/home/kali/Desktop/practica/EyeWitness/screens/http.api.allegion.com.png,/home/kali/Desktop/practica/EyeWitness/source/http.api.allegion.com.txt
http,80,orderstatus-api.allegion.com,Successful,/home/kali/Desktop/practica/EyeWitness/screens/http.crmcases-api.allegion.com.png,/home/kali/Desktop/practica/EyeWitness/source/http.orderstatus-api.allegion.com.txt
http,80,dashboard.yonomi.co,Successful,/home/kali/Desktop/practica/EyeWitness/screens/http.auth.staging.yonomi.co.png,/home/kali/Desktop/practica/EyeWitness/source/http.dashboard.yonomi.co.txt
http,80,overtur-uat-el-int.allegion.com,Timeout,/home/kali/Desktop/practica/EyeWitness/screens/http.overtur-uat-el-int.allegion.com.png,/home/kali/Desktop/practica/EyeWitness/source/http.overtur-uat-el-int.allegion.com.txt
http,80,helpdeskservice.allegion.com,Successful,/home/kali/Desktop/practica/EyeWitness/screens/http.notifications.allegion.com.png,/home/kali/Desktop/practica/EyeWitness/source/http.helpdeskservice.allegion.com.txt
http,80,oew.allegion.com,Successful,/home/kali/Desktop/practica/EyeWitness/screens/http.oew.allegion.com.png,/home/kali/Desktop/practica/EyeWitness/source/http.oew.allegion.com.txt
http,80,overtur-el-int.allegion.com,Timeout,/home/kali/Desktop/practica/EyeWitness/screens/http.overtur-el-int.allegion.com.png,/home/kali/Desktop/practica/EyeWitness/source/http.overtur-el-int.allegion.com.txt
http,80,mea.allegion.com,Successful,/home/kali/Desktop/practica/EyeWitness/screens/http.tr.allegion.com.png,/home/kali/Desktop/practica/EyeWitness/source/http.mea.allegion.com.txt
http,80,multifamily.allegion.com,Timeout,/home/kali/Desktop/practica/EyeWitness/screens/http.multifamily.allegion.com.png,/home/kali/Desktop/practica/EyeWitness/source/http.multifamily.allegion.com.txt
http,80,cr102.allegion.com,BadStatus,/home/kali/Desktop/practica/EyeWitness/screens/http.cr102.allegion.com.png,/home/kali/Desktop/practica/EyeWitness/source/http.cr102.allegion.com.txt
http,80,sydney.allegion.com,Timeout,/home/kali/Desktop/practica/EyeWitness/screens/http.sydney.allegion.com.png,/home/kali/Desktop/practica/EyeWitness/source/http.sydney.allegion.com.txt
http,80,sts.allegion.com,Timeout,/home/kali/Desktop/practica/EyeWitness/screens/http.sts.allegion.com.png,/home/kali/Desktop/practica/EyeWitness/source/http.sts.allegion.com.txt
http,80,webmftpuat.allegion.com,Timeout,/home/kali/Desktop/practica/EyeWitness/screens/http.webmftpuat.allegion.com.png,/home/kali/Desktop/practica/EyeWitness/source/http.webmftpuat.allegion.com.txt
http,80,www.yonomi.co,Timeout,/home/kali/Desktop/practica/EyeWitness/screens/http.www.yonomi.co.png,/home/kali/Desktop/practica/EyeWitness/source/http.www.yonomi.co.txt
http,80,developer.yonomi.co,Timeout,/home/kali/Desktop/practica/EyeWitness/screens/http.developer.yonomi.co.png,/home/kali/Desktop/practica/EyeWitness/source/http.developer.yonomi.co.txt
http,80,apps.yonomi.co,Successful,/home/kali/Desktop/practica/EyeWitness/screens/http.connectors-dev.yonomi.co.png,/home/kali/Desktop/practica/EyeWitness/source/http.apps.yonomi.co.txt
http,80,biuat.allegion.com,Successful,/home/kali/Desktop/practica/EyeWitness/screens/http.level4.allegion.com.png,/home/kali/Desktop/practica/EyeWitness/source/http.biuat.allegion.com.txt
http,80,keycom.allegion.com,Timeout,/home/kali/Desktop/practica/EyeWitness/screens/http.keycom.allegion.com.png,/home/kali/Desktop/practica/EyeWitness/source/http.keycom.allegion.com.txt
http,80,accessmgmt.allegion.com,Timeout,/home/kali/Desktop/practica/EyeWitness/screens/http.accessmgmt.allegion.com.png,/home/kali/Desktop/practica/EyeWitness/source/http.accessmgmt.allegion.com.txt
http,80,support.overtur.allegion.com,Successful,/home/kali/Desktop/practica/EyeWitness/screens/http.support.overtur.allegion.com.png,/home/kali/Desktop/practica/EyeWitness/source/http.support.overtur.allegion.com.txt
http,80,careers.allegion.com,Timeout,/home/kali/Desktop/practica/EyeWitness/screens/http.careers.allegion.com.png,/home/kali/Desktop/practica/EyeWitness/source/http.careers.allegion.com.txt
http,80,alliances.allegion.com,Successful,/home/kali/Desktop/practica/EyeWitness/screens/http.alliances.allegion.com.png,/home/kali/Desktop/practica/EyeWitness/source/http.alliances.allegion.com.txt
http,80,auth-test.allegion.com,Successful,/home/kali/Desktop/practica/EyeWitness/screens/http.auth.allegion.com.png,/home/kali/Desktop/practica/EyeWitness/source/http.auth-test.allegion.com.txt
http,80,hrtc.allegion.com,BadStatus,/home/kali/Desktop/practica/EyeWitness/screens/http.hrtc.allegion.com.png,/home/kali/Desktop/practica/EyeWitness/source/http.hrtc.allegion.com.txt
http,80,support.oeo.allegion.com,Successful,/home/kali/Desktop/practica/EyeWitness/screens/http.support.oeo.allegion.com.png,/home/kali/Desktop/practica/EyeWitness/source/http.support.oeo.allegion.com.txt
http,80,connectors.staging.yonomi.co,Successful,/home/kali/Desktop/practica/EyeWitness/screens/http.connectors-dev.yonomi.co.png,/home/kali/Desktop/practica/EyeWitness/source/http.connectors.staging.yonomi.co.txt
http,80,specrequest.allegion.com,Successful,/home/kali/Desktop/practica/EyeWitness/screens/http.specrequest.allegion.com.png,/home/kali/Desktop/practica/EyeWitness/source/http.specrequest.allegion.com.txt
http,80,support.360portal.allegion.com,Successful,/home/kali/Desktop/practica/EyeWitness/screens/http.support.360portal.allegion.com.png,/home/kali/Desktop/practica/EyeWitness/source/http.support.360portal.allegion.com.txt
http,80,api.yonomi.co,Successful,/home/kali/Desktop/practica/EyeWitness/screens/http.kc.allegion.com.png,/home/kali/Desktop/practica/EyeWitness/source/http.api.yonomi.co.txt
http,80,mycredentials.allegion.com,Timeout,/home/kali/Desktop/practica/EyeWitness/screens/http.mycredentials.allegion.com.png,/home/kali/Desktop/practica/EyeWitness/source/http.mycredentials.allegion.com.txt
http,80,overtur-api-uat.allegion.com,Successful,/home/kali/Desktop/practica/EyeWitness/screens/http.overtur-rendering-api-uat.allegion.com.png,/home/kali/Desktop/practica/EyeWitness/source/http.overtur-api-uat.allegion.com.txt
http,80,overtur-rendering-api-dev.allegion.com,Successful,/home/kali/Desktop/practica/EyeWitness/screens/http.overtur-rendering-api-uat.allegion.com.png,/home/kali/Desktop/practica/EyeWitness/source/http.overtur-rendering-api-dev.allegion.com.txt
http,80,support.oew.allegion.com,Successful,/home/kali/Desktop/practica/EyeWitness/screens/http.support.oew.allegion.com.png,/home/kali/Desktop/practica/EyeWitness/source/http.support.oew.allegion.com.txt
http,80,webmdev.allegion.com,Timeout,/home/kali/Desktop/practica/EyeWitness/screens/http.webmdev.allegion.com.png,/home/kali/Desktop/practica/EyeWitness/source/http.webmdev.allegion.com.txt
http,80,mditest.allegion.com,Timeout,/home/kali/Desktop/practica/EyeWitness/screens/http.mditest.allegion.com.png,/home/kali/Desktop/practica/EyeWitness/source/http.mditest.allegion.com.txt
http,80,www.pegasys.allegion.com,Timeout,/home/kali/Desktop/practica/EyeWitness/screens/http.www.pegasys.allegion.com.png,/home/kali/Desktop/practica/EyeWitness/source/http.www.pegasys.allegion.com.txt
http,80,webmapidev.allegion.com,Timeout,/home/kali/Desktop/practica/EyeWitness/screens/http.webmapidev.allegion.com.png,/home/kali/Desktop/practica/EyeWitness/source/http.webmapidev.allegion.com.txt
http,80,ordermanagement-uat.allegion.com,Timeout,/home/kali/Desktop/practica/EyeWitness/screens/http.ordermanagement-uat.allegion.com.png,/home/kali/Desktop/practica/EyeWitness/source/http.ordermanagement-uat.allegion.com.txt
http,80,feedback.allegion.com,Successful,/home/kali/Desktop/practica/EyeWitness/screens/http.feedback.allegion.com.png,/home/kali/Desktop/practica/EyeWitness/source/http.feedback.allegion.com.txt
http,80,status.allegion.com,Successful,/home/kali/Desktop/practica/EyeWitness/screens/http.status.allegion.com.png,/home/kali/Desktop/practica/EyeWitness/source/http.status.allegion.com.txt
http,80,feedback-api.allegion.com,Successful,/home/kali/Desktop/practica/EyeWitness/screens/http.feedback-api.allegion.com.png,/home/kali/Desktop/practica/EyeWitness/source/http.feedback-api.allegion.com.txt
http,80,inventory.allegion.com,Timeout,/home/kali/Desktop/practica/EyeWitness/screens/http.inventory.allegion.com.png,/home/kali/Desktop/practica/EyeWitness/source/http.inventory.allegion.com.txt
http,80,webmftp.allegion.com,Timeout,/home/kali/Desktop/practica/EyeWitness/screens/http.webmftp.allegion.com.png,/home/kali/Desktop/practica/EyeWitness/source/http.webmftp.allegion.com.txt
http,80,webmftptst.allegion.com,Timeout,/home/kali/Desktop/practica/EyeWitness/screens/http.webmftptst.allegion.com.png,/home/kali/Desktop/practica/EyeWitness/source/http.webmftptst.allegion.com.txt
http,80,stwebmtst.allegion.com,Timeout,/home/kali/Desktop/practica/EyeWitness/screens/http.stwebmtst.allegion.com.png,/home/kali/Desktop/practica/EyeWitness/source/http.stwebmtst.allegion.com.txt
http,80,tr.allegion.com,Successful,/home/kali/Desktop/practica/EyeWitness/screens/http.tr.allegion.com.png,/home/kali/Desktop/practica/EyeWitness/source/http.tr.allegion.com.txt
http,80,data.staging.yonomi.co,Successful,/home/kali/Desktop/practica/EyeWitness/screens/http.kc.allegion.com.png,/home/kali/Desktop/practica/EyeWitness/source/http.data.staging.yonomi.co.txt
http,80,communication.allegion.com,Timeout,/home/kali/Desktop/practica/EyeWitness/screens/http.communication.allegion.com.png,/home/kali/Desktop/practica/EyeWitness/source/http.communication.allegion.com.txt
http,80,iscwest.allegion.com,Timeout,/home/kali/Desktop/practica/EyeWitness/screens/http.iscwest.allegion.com.png,/home/kali/Desktop/practica/EyeWitness/source/http.iscwest.allegion.com.txt
http,80,el-api-svc-uat.allegion.com,Timeout,/home/kali/Desktop/practica/EyeWitness/screens/http.el-api-svc-uat.allegion.com.png,/home/kali/Desktop/practica/EyeWitness/source/http.el-api-svc-uat.allegion.com.txt
http,80,webmsftpuat.allegion.com,Timeout,/home/kali/Desktop/practica/EyeWitness/screens/http.webmsftpuat.allegion.com.png,/home/kali/Desktop/practica/EyeWitness/source/http.webmsftpuat.allegion.com.txt
http,80,webmtest.allegion.com,Timeout,/home/kali/Desktop/practica/EyeWitness/screens/http.webmtest.allegion.com.png,/home/kali/Desktop/practica/EyeWitness/source/http.webmtest.allegion.com.txt
http,80,admstest.allegion.com,Timeout,/home/kali/Desktop/practica/EyeWitness/screens/http.admstest.allegion.com.png,/home/kali/Desktop/practica/EyeWitness/source/http.admstest.allegion.com.txt
http,80,keycontrol.allegion.com,Successful,/home/kali/Desktop/practica/EyeWitness/screens/http.keycontrol.allegion.com.png,/home/kali/Desktop/practica/EyeWitness/source/http.keycontrol.allegion.com.txt
http,80,profile-dev.allegion.com,Timeout,/home/kali/Desktop/practica/EyeWitness/screens/http.profile-dev.allegion.com.png,/home/kali/Desktop/practica/EyeWitness/source/http.profile-dev.allegion.com.txt
http,80,hrassignment-dev.allegion.com,Successful,/home/kali/Desktop/practica/EyeWitness/screens/http.hrassignment-dev.allegion.com.png,/home/kali/Desktop/practica/EyeWitness/source/http.hrassignment-dev.allegion.com.txt
http,80,ordermanagement.allegion.com,Timeout,/home/kali/Desktop/practica/EyeWitness/screens/http.ordermanagement.allegion.com.png,/home/kali/Desktop/practica/EyeWitness/source/http.ordermanagement.allegion.com.txt
http,80,tts.yonomi.co,Successful,/home/kali/Desktop/practica/EyeWitness/screens/http.kc.allegion.com.png,/home/kali/Desktop/practica/EyeWitness/source/http.tts.yonomi.co.txt
http,80,ordermanagementapi.allegion.com,Successful,/home/kali/Desktop/practica/EyeWitness/screens/http.kc.allegion.com.png,/home/kali/Desktop/practica/EyeWitness/source/http.ordermanagementapi.allegion.com.txt
http,80,overtur.allegion.com,Timeout,/home/kali/Desktop/practica/EyeWitness/screens/http.overtur.allegion.com.png,/home/kali/Desktop/practica/EyeWitness/source/http.overtur.allegion.com.txt
http,80,res1.nzmarketing.allegion.com,BadStatus,/home/kali/Desktop/practica/EyeWitness/screens/http.res1.nzmarketing.allegion.com.png,/home/kali/Desktop/practica/EyeWitness/source/http.res1.nzmarketing.allegion.com.txt
http,80,res1.ausmarketing.allegion.com,BadStatus,/home/kali/Desktop/practica/EyeWitness/screens/http.res1.ausmarketing.allegion.com.png,/home/kali/Desktop/practica/EyeWitness/source/http.res1.ausmarketing.allegion.com.txt
http,80,vip.allegion.com,Successful,/home/kali/Desktop/practica/EyeWitness/screens/http.interflex.allegion.com.png,/home/kali/Desktop/practica/EyeWitness/source/http.vip.allegion.com.txt
http,80,as2test.allegion.com,Timeout,/home/kali/Desktop/practica/EyeWitness/screens/http.as2test.allegion.com.png,/home/kali/Desktop/practica/EyeWitness/source/http.as2test.allegion.com.txt
http,80,startsmart.allegion.com,Timeout,/home/kali/Desktop/practica/EyeWitness/screens/http.startsmart.allegion.com.png,/home/kali/Desktop/practica/EyeWitness/source/http.startsmart.allegion.com.txt
http,80,usmarketing.allegion.com,Successful,/home/kali/Desktop/practica/EyeWitness/screens/http.usmarketing.allegion.com.png,/home/kali/Desktop/practica/EyeWitness/source/http.usmarketing.allegion.com.txt
http,80,t.usmktg.allegion.com,Successful,/home/kali/Desktop/practica/EyeWitness/screens/http.t1.nzmarketing.allegion.com.png,/home/kali/Desktop/practica/EyeWitness/source/http.t.usmktg.allegion.com.txt
http,80,m1.nzmarketing.allegion.com,Successful,/home/kali/Desktop/practica/EyeWitness/screens/http.t1.nzmarketing.allegion.com.png,/home/kali/Desktop/practica/EyeWitness/source/http.m1.nzmarketing.allegion.com.txt
http,80,cdn.yonomi.co,Successful,/home/kali/Desktop/practica/EyeWitness/screens/http.cdn.yonomi.co.png,/home/kali/Desktop/practica/EyeWitness/source/http.cdn.yonomi.co.txt
http,80,smetrics.allegion.com,Successful,/home/kali/Desktop/practica/EyeWitness/screens/http.kc.allegion.com.png,/home/kali/Desktop/practica/EyeWitness/source/http.smetrics.allegion.com.txt
http,80,ivroderstatus-api-dev.allegion.com,Successful,/home/kali/Desktop/practica/EyeWitness/screens/http.ivroderstatus-api-dev.allegion.com.png,/home/kali/Desktop/practica/EyeWitness/source/http.ivroderstatus-api-dev.allegion.com.txt
http,80,apps.staging.yonomi.co,Successful,/home/kali/Desktop/practica/EyeWitness/screens/http.apps.staging.yonomi.co.png,/home/kali/Desktop/practica/EyeWitness/source/http.apps.staging.yonomi.co.txt
http,80,pricingtool.allegion.com,Timeout,/home/kali/Desktop/practica/EyeWitness/screens/http.pricingtool.allegion.com.png,/home/kali/Desktop/practica/EyeWitness/source/http.pricingtool.allegion.com.txt
http,80,ordermanagement-pt.allegion.com,Timeout,/home/kali/Desktop/practica/EyeWitness/screens/http.ordermanagement-pt.allegion.com.png,/home/kali/Desktop/practica/EyeWitness/source/http.ordermanagement-pt.allegion.com.txt
http,80,ricktest.allegion.com,Successful,/home/kali/Desktop/practica/EyeWitness/screens/http.notifications.allegion.com.png,/home/kali/Desktop/practica/EyeWitness/source/http.ricktest.allegion.com.txt
http,80,m.usmktg.allegion.com,Successful,/home/kali/Desktop/practica/EyeWitness/screens/http.t1.nzmarketing.allegion.com.png,/home/kali/Desktop/practica/EyeWitness/source/http.m.usmktg.allegion.com.txt
http,80,reporting.allegion.com,Successful,/home/kali/Desktop/practica/EyeWitness/screens/http.planviewer.allegion.com.png,/home/kali/Desktop/practica/EyeWitness/source/http.reporting.allegion.com.txt
http,80,r127.usmktg.allegion.com,Timeout,/home/kali/Desktop/practica/EyeWitness/screens/http.r127.usmktg.allegion.com.png,/home/kali/Desktop/practica/EyeWitness/source/http.r127.usmktg.allegion.com.txt
http,80,schlagesupport.allegion.com,Timeout,/home/kali/Desktop/practica/EyeWitness/screens/http.schlagesupport.allegion.com.png,/home/kali/Desktop/practica/EyeWitness/source/http.schlagesupport.allegion.com.txt
http,80,allesupport.allegion.com,Timeout,/home/kali/Desktop/practica/EyeWitness/screens/http.allesupport.allegion.com.png,/home/kali/Desktop/practica/EyeWitness/source/http.allesupport.allegion.com.txt
http,80,cisasmartaccess.allegion.com,Successful,/home/kali/Desktop/practica/EyeWitness/screens/http.cisasmartaccess.allegion.com.png,/home/kali/Desktop/practica/EyeWitness/source/http.cisasmartaccess.allegion.com.txt
http,80,connectors.dev.yonomi.co,Successful,/home/kali/Desktop/practica/EyeWitness/screens/http.connectors-dev.yonomi.co.png,/home/kali/Desktop/practica/EyeWitness/source/http.connectors.dev.yonomi.co.txt
http,80,url9355.yonomi.co,Successful,/home/kali/Desktop/practica/EyeWitness/screens/http.url9355.yonomi.co.png,/home/kali/Desktop/practica/EyeWitness/source/http.url9355.yonomi.co.txt
http,80,usmktg.allegion.com,Timeout,/home/kali/Desktop/practica/EyeWitness/screens/http.usmktg.allegion.com.png,/home/kali/Desktop/practica/EyeWitness/source/http.usmktg.allegion.com.txt
http,80,pcsvc.allegion.com,Timeout,/home/kali/Desktop/practica/EyeWitness/screens/http.pcsvc.allegion.com.png,/home/kali/Desktop/practica/EyeWitness/source/http.pcsvc.allegion.com.txt
http,80,discover-overtur.allegion.com,Timeout,/home/kali/Desktop/practica/EyeWitness/screens/http.discover-overtur.allegion.com.png,/home/kali/Desktop/practica/EyeWitness/source/http.discover-overtur.allegion.com.txt
http,80,webmapitest.allegion.com,Timeout,/home/kali/Desktop/practica/EyeWitness/screens/http.webmapitest.allegion.com.png,/home/kali/Desktop/practica/EyeWitness/source/http.webmapitest.allegion.com.txt
http,80,groups-test.allegion.com,Timeout,/home/kali/Desktop/practica/EyeWitness/screens/http.groups-test.allegion.com.png,/home/kali/Desktop/practica/EyeWitness/source/http.groups-test.allegion.com.txt
http,80,res.usmktg.allegion.com,BadStatus,/home/kali/Desktop/practica/EyeWitness/screens/http.res.usmktg.allegion.com.png,/home/kali/Desktop/practica/EyeWitness/source/http.res.usmktg.allegion.com.txt
http,80,auth.staging.yonomi.co,Successful,/home/kali/Desktop/practica/EyeWitness/screens/http.auth.staging.yonomi.co.png,/home/kali/Desktop/practica/EyeWitness/source/http.auth.staging.yonomi.co.txt
http,80,restrictedproduct.allegion.com,Timeout,/home/kali/Desktop/practica/EyeWitness/screens/http.restrictedproduct.allegion.com.png,/home/kali/Desktop/practica/EyeWitness/source/http.restrictedproduct.allegion.com.txt
http,80,sfipo.allegion.com,Timeout,/home/kali/Desktop/practica/EyeWitness/screens/http.sfipo.allegion.com.png,/home/kali/Desktop/practica/EyeWitness/source/http.sfipo.allegion.com.txt
http,80,status.yonomi.co,Timeout,/home/kali/Desktop/practica/EyeWitness/screens/http.status.yonomi.co.png,/home/kali/Desktop/practica/EyeWitness/source/http.status.yonomi.co.txt
http,80,overtur-rendering-api-uat.allegion.com,Successful,/home/kali/Desktop/practica/EyeWitness/screens/http.overtur-rendering-api-uat.allegion.com.png,/home/kali/Desktop/practica/EyeWitness/source/http.overtur-rendering-api-uat.allegion.com.txt
http,80,dashboard.dev.yonomi.co,Successful,/home/kali/Desktop/practica/EyeWitness/screens/http.auth.staging.yonomi.co.png,/home/kali/Desktop/practica/EyeWitness/source/http.dashboard.dev.yonomi.co.txt
http,80,t.canmktg.allegion.com,Successful,/home/kali/Desktop/practica/EyeWitness/screens/http.t1.nzmarketing.allegion.com.png,/home/kali/Desktop/practica/EyeWitness/source/http.t.canmktg.allegion.com.txt
http,80,webmapiuat.allegion.com,Timeout,/home/kali/Desktop/practica/EyeWitness/screens/http.webmapiuat.allegion.com.png,/home/kali/Desktop/practica/EyeWitness/source/http.webmapiuat.allegion.com.txt
http,80,allegionoewtest.allegion.com,Successful,/home/kali/Desktop/practica/EyeWitness/screens/http.allegionoewtest.allegion.com.png,/home/kali/Desktop/practica/EyeWitness/source/http.allegionoewtest.allegion.com.txt
http,80,welcome.allegion.com,Successful,/home/kali/Desktop/practica/EyeWitness/screens/http.welcome.allegion.com.png,/home/kali/Desktop/practica/EyeWitness/source/http.welcome.allegion.com.txt
http,80,accessmgmt-test.allegion.com,Timeout,/home/kali/Desktop/practica/EyeWitness/screens/http.accessmgmt-test.allegion.com.png,/home/kali/Desktop/practica/EyeWitness/source/http.accessmgmt-test.allegion.com.txt
http,80,stuatisupplier.allegion.com,Timeout,/home/kali/Desktop/practica/EyeWitness/screens/http.stuatisupplier.allegion.com.png,/home/kali/Desktop/practica/EyeWitness/source/http.stuatisupplier.allegion.com.txt
http,80,m1.ausmarketing.allegion.com,Successful,/home/kali/Desktop/practica/EyeWitness/screens/http.t1.nzmarketing.allegion.com.png,/home/kali/Desktop/practica/EyeWitness/source/http.m1.ausmarketing.allegion.com.txt
http,80,pegasys.allegion.com,Timeout,/home/kali/Desktop/practica/EyeWitness/screens/http.pegasys.allegion.com.png,/home/kali/Desktop/practica/EyeWitness/source/http.pegasys.allegion.com.txt
http,80,overturapi.allegion.com,Successful,/home/kali/Desktop/practica/EyeWitness/screens/http.overtur-rendering-api-uat.allegion.com.png,/home/kali/Desktop/practica/EyeWitness/source/http.overturapi.allegion.com.txt
http,80,stqaisupplier.allegion.com,Timeout,/home/kali/Desktop/practica/EyeWitness/screens/http.stqaisupplier.allegion.com.png,/home/kali/Desktop/practica/EyeWitness/source/http.stqaisupplier.allegion.com.txt
http,80,groups-dev.allegion.com,Timeout,/home/kali/Desktop/practica/EyeWitness/screens/http.groups-dev.allegion.com.png,/home/kali/Desktop/practica/EyeWitness/source/http.groups-dev.allegion.com.txt
http,80,identity-dev.allegion.com,Successful,/home/kali/Desktop/practica/EyeWitness/screens/http.notifications.allegion.com.png,/home/kali/Desktop/practica/EyeWitness/source/http.identity-dev.allegion.com.txt
http,80,pws.allegion.com,Successful,/home/kali/Desktop/practica/EyeWitness/screens/http.pws.allegion.com.png,/home/kali/Desktop/practica/EyeWitness/source/http.pws.allegion.com.txt
http,80,kss.allegion.com,Successful,/home/kali/Desktop/practica/EyeWitness/screens/http.kss.allegion.com.png,/home/kali/Desktop/practica/EyeWitness/source/http.kss.allegion.com.txt
http,80,stdevisupplier.allegion.com,Timeout,/home/kali/Desktop/practica/EyeWitness/screens/http.stdevisupplier.allegion.com.png,/home/kali/Desktop/practica/EyeWitness/source/http.stdevisupplier.allegion.com.txt
http,80,connectors-core.staging.yonomi.co,Successful,/home/kali/Desktop/practica/EyeWitness/screens/http.connectors-dev.yonomi.co.png,/home/kali/Desktop/practica/EyeWitness/source/http.connectors-core.staging.yonomi.co.txt
http,80,stczuisupplier.allegion.com,Timeout,/home/kali/Desktop/practica/EyeWitness/screens/http.stczuisupplier.allegion.com.png,/home/kali/Desktop/practica/EyeWitness/source/http.stczuisupplier.allegion.com.txt
http,80,mapper.allegion.com,Successful,/home/kali/Desktop/practica/EyeWitness/screens/http.planviewer.allegion.com.png,/home/kali/Desktop/practica/EyeWitness/source/http.mapper.allegion.com.txt
http,80,360portal-api.allegion.com,Successful,/home/kali/Desktop/practica/EyeWitness/screens/http.kc.allegion.com.png,/home/kali/Desktop/practica/EyeWitness/source/http.360portal-api.allegion.com.txt
http,80,360portal-cmsapi.allegion.com,Successful,/home/kali/Desktop/practica/EyeWitness/screens/http.kc.allegion.com.png,/home/kali/Desktop/practica/EyeWitness/source/http.360portal-cmsapi.allegion.com.txt
http,80,connectors.yonomi.co,Successful,/home/kali/Desktop/practica/EyeWitness/screens/http.connectors-dev.yonomi.co.png,/home/kali/Desktop/practica/EyeWitness/source/http.connectors.yonomi.co.txt
http,80,anzapps.allegion.com,Timeout,/home/kali/Desktop/practica/EyeWitness/screens/http.anzapps.allegion.com.png,/home/kali/Desktop/practica/EyeWitness/source/http.anzapps.allegion.com.txt
http,80,webmuat.allegion.com,Timeout,/home/kali/Desktop/practica/EyeWitness/screens/http.webmuat.allegion.com.png,/home/kali/Desktop/practica/EyeWitness/source/http.webmuat.allegion.com.txt
http,80,overturstatus.allegion.com,Timeout,/home/kali/Desktop/practica/EyeWitness/screens/http.overturstatus.allegion.com.png,/home/kali/Desktop/practica/EyeWitness/source/http.overturstatus.allegion.com.txt
http,80,connectors-core.yonomi.co,Successful,/home/kali/Desktop/practica/EyeWitness/screens/http.connectors-dev.yonomi.co.png,/home/kali/Desktop/practica/EyeWitness/source/http.connectors-core.yonomi.co.txt
http,80,auth.dev.yonomi.co,Successful,/home/kali/Desktop/practica/EyeWitness/screens/http.auth.staging.yonomi.co.png,/home/kali/Desktop/practica/EyeWitness/source/http.auth.dev.yonomi.co.txt
http,80,planviewer.allegion.com,Successful,/home/kali/Desktop/practica/EyeWitness/screens/http.planviewer.allegion.com.png,/home/kali/Desktop/practica/EyeWitness/source/http.planviewer.allegion.com.txt
http,80,securitytechnologies.allegion.com,BadStatus,/home/kali/Desktop/practica/EyeWitness/screens/http.securitytechnologies.allegion.com.png,/home/kali/Desktop/practica/EyeWitness/source/http.securitytechnologies.allegion.com.txt
http,80,t.communication.allegion.com,Successful,/home/kali/Desktop/practica/EyeWitness/screens/http.t1.nzmarketing.allegion.com.png,/home/kali/Desktop/practica/EyeWitness/source/http.t.communication.allegion.com.txt
http,80,auth-dev.yonomi.co,Successful,/home/kali/Desktop/practica/EyeWitness/screens/http.auth.staging.yonomi.co.png,/home/kali/Desktop/practica/EyeWitness/source/http.auth-dev.yonomi.co.txt
http,80,stczqisupplier.allegion.com,Timeout,/home/kali/Desktop/practica/EyeWitness/screens/http.stczqisupplier.allegion.com.png,/home/kali/Desktop/practica/EyeWitness/source/http.stczqisupplier.allegion.com.txt
http,80,m.communication.allegion.com,Successful,/home/kali/Desktop/practica/EyeWitness/screens/http.t1.nzmarketing.allegion.com.png,/home/kali/Desktop/practica/EyeWitness/source/http.m.communication.allegion.com.txt
http,80,gateway.allegion.com,Successful,/home/kali/Desktop/practica/EyeWitness/screens/http.gateway.allegion.com.png,/home/kali/Desktop/practica/EyeWitness/source/http.gateway.allegion.com.txt
http,80,concealedsolutions.allegion.com,Successful,/home/kali/Desktop/practica/EyeWitness/screens/http.concealedsolutions.allegion.com.png,/home/kali/Desktop/practica/EyeWitness/source/http.concealedsolutions.allegion.com.txt
http,80,t1.nzmarketing.allegion.com,Successful,/home/kali/Desktop/practica/EyeWitness/screens/http.t1.nzmarketing.allegion.com.png,/home/kali/Desktop/practica/EyeWitness/source/http.t1.nzmarketing.allegion.com.txt
http,80,canmktg.allegion.com,Timeout,/home/kali/Desktop/practica/EyeWitness/screens/http.canmktg.allegion.com.png,/home/kali/Desktop/practica/EyeWitness/source/http.canmktg.allegion.com.txt
http,80,cases.allegion.com,Successful,/home/kali/Desktop/practica/EyeWitness/screens/http.crmcases-api.allegion.com.png,/home/kali/Desktop/practica/EyeWitness/source/http.cases.allegion.com.txt
http,80,r125.usmktg.allegion.com,Timeout,/home/kali/Desktop/practica/EyeWitness/screens/http.r125.usmktg.allegion.com.png,/home/kali/Desktop/practica/EyeWitness/source/http.r125.usmktg.allegion.com.txt
http,80,api.tickets.cisasmartaccess.allegion.com,Successful,/home/kali/Desktop/practica/EyeWitness/screens/http.gateway.allegion.com.png,/home/kali/Desktop/practica/EyeWitness/source/http.api.tickets.cisasmartaccess.allegion.com.txt
http,80,cdn.staging.yonomi.co,Successful,/home/kali/Desktop/practica/EyeWitness/screens/http.cdn.staging.yonomi.co.png,/home/kali/Desktop/practica/EyeWitness/source/http.cdn.staging.yonomi.co.txt
http,80,helpdeskservice-test.allegion.com,Successful,/home/kali/Desktop/practica/EyeWitness/screens/http.notifications.allegion.com.png,/home/kali/Desktop/practica/EyeWitness/source/http.helpdeskservice-test.allegion.com.txt
http,80,thingworxprod.allegion.com,BadStatus,/home/kali/Desktop/practica/EyeWitness/screens/http.thingworxprod.allegion.com.png,/home/kali/Desktop/practica/EyeWitness/source/http.thingworxprod.allegion.com.txt
http,80,ips.allegion.com,Timeout,/home/kali/Desktop/practica/EyeWitness/screens/http.ips.allegion.com.png,/home/kali/Desktop/practica/EyeWitness/source/http.ips.allegion.com.txt
http,80,11iorderentryapi.allegion.com,Successful,/home/kali/Desktop/practica/EyeWitness/screens/http.kc.allegion.com.png,/home/kali/Desktop/practica/EyeWitness/source/http.11iorderentryapi.allegion.com.txt
http,80,overtur-uat.allegion.com,Timeout,/home/kali/Desktop/practica/EyeWitness/screens/http.overtur-uat.allegion.com.png,/home/kali/Desktop/practica/EyeWitness/source/http.overtur-uat.allegion.com.txt
http,80,11iorderentry.allegion.com,Successful,/home/kali/Desktop/practica/EyeWitness/screens/http.11iorderentry.allegion.com.png,/home/kali/Desktop/practica/EyeWitness/source/http.11iorderentry.allegion.com.txt
http,80,crmcases-api.allegion.com,Successful,/home/kali/Desktop/practica/EyeWitness/screens/http.crmcases-api.allegion.com.png,/home/kali/Desktop/practica/EyeWitness/source/http.crmcases-api.allegion.com.txt
http,80,elock.allegion.com,Timeout,/home/kali/Desktop/practica/EyeWitness/screens/http.elock.allegion.com.png,/home/kali/Desktop/practica/EyeWitness/source/http.elock.allegion.com.txt
http,80,level4.allegion.com,Successful,/home/kali/Desktop/practica/EyeWitness/screens/http.level4.allegion.com.png,/home/kali/Desktop/practica/EyeWitness/source/http.level4.allegion.com.txt
http,80,investor.allegion.com,Timeout,/home/kali/Desktop/practica/EyeWitness/screens/http.investor.allegion.com.png,/home/kali/Desktop/practica/EyeWitness/source/http.investor.allegion.com.txt
http,80,helpdeskservice-dev.allegion.com,Successful,/home/kali/Desktop/practica/EyeWitness/screens/http.notifications.allegion.com.png,/home/kali/Desktop/practica/EyeWitness/source/http.helpdeskservice-dev.allegion.com.txt
http,80,overtur-products-media-test.allegion.com,Successful,/home/kali/Desktop/practica/EyeWitness/screens/http.overtur-products-media-test.allegion.com.png,/home/kali/Desktop/practica/EyeWitness/source/http.overtur-products-media-test.allegion.com.txt
http,80,api.backoffice.cisasmartaccess.allegion.com,Successful,/home/kali/Desktop/practica/EyeWitness/screens/http.kc.allegion.com.png,/home/kali/Desktop/practica/EyeWitness/source/http.api.backoffice.cisasmartaccess.allegion.com.txt
http,80,el-api-svc-dv.allegion.com,Timeout,/home/kali/Desktop/practica/EyeWitness/screens/http.el-api-svc-dv.allegion.com.png,/home/kali/Desktop/practica/EyeWitness/source/http.el-api-svc-dv.allegion.com.txt
http,80,admsprod.allegion.com,Timeout,/home/kali/Desktop/practica/EyeWitness/screens/http.admsprod.allegion.com.png,/home/kali/Desktop/practica/EyeWitness/source/http.admsprod.allegion.com.txt
http,80,academy.allegion.com,Timeout,/home/kali/Desktop/practica/EyeWitness/screens/http.academy.allegion.com.png,/home/kali/Desktop/practica/EyeWitness/source/http.academy.allegion.com.txt
http,80,webmsftp.allegion.com,Timeout,/home/kali/Desktop/practica/EyeWitness/screens/http.webmsftp.allegion.com.png,/home/kali/Desktop/practica/EyeWitness/source/http.webmsftp.allegion.com.txt
http,80,support.yonomi.co,Timeout,/home/kali/Desktop/practica/EyeWitness/screens/http.support.yonomi.co.png,/home/kali/Desktop/practica/EyeWitness/source/http.support.yonomi.co.txt
http,80,api.staging.yonomi.co,Successful,/home/kali/Desktop/practica/EyeWitness/screens/http.kc.allegion.com.png,/home/kali/Desktop/practica/EyeWitness/source/http.api.staging.yonomi.co.txt
http,80,identity-functions.allegion.com,Successful,/home/kali/Desktop/practica/EyeWitness/screens/http.identity-functions.allegion.com.png,/home/kali/Desktop/practica/EyeWitness/source/http.identity-functions.allegion.com.txt
http,80,thegrid.allegion.com,Successful,/home/kali/Desktop/practica/EyeWitness/screens/http.autodiscover.allegion.com.png,/home/kali/Desktop/practica/EyeWitness/source/http.thegrid.allegion.com.txt
http,80,camarketing.allegion.com,Successful,/home/kali/Desktop/practica/EyeWitness/screens/http.camarketing.allegion.com.png,/home/kali/Desktop/practica/EyeWitness/source/http.camarketing.allegion.com.txt
http,80,devdocs.allegion.com,Successful,/home/kali/Desktop/practica/EyeWitness/screens/http.devdocs.allegion.com.png,/home/kali/Desktop/practica/EyeWitness/source/http.devdocs.allegion.com.txt
http,80,auckland.allegion.com,Timeout,/home/kali/Desktop/practica/EyeWitness/screens/http.auckland.allegion.com.png,/home/kali/Desktop/practica/EyeWitness/source/http.auckland.allegion.com.txt
http,80,avondale.allegion.com,Timeout,/home/kali/Desktop/practica/EyeWitness/screens/http.avondale.allegion.com.png,/home/kali/Desktop/practica/EyeWitness/source/http.avondale.allegion.com.txt
http,80,cmp.allegion.com,Timeout,/home/kali/Desktop/practica/EyeWitness/screens/http.cmp.allegion.com.png,/home/kali/Desktop/practica/EyeWitness/source/http.cmp.allegion.com.txt
http,80,ns4.allegion.com,Timeout,/home/kali/Desktop/practica/EyeWitness/screens/http.ns4.allegion.com.png,/home/kali/Desktop/practica/EyeWitness/source/http.ns4.allegion.com.txt
http,80,pws.allegion.com,Successful,/home/kali/Desktop/practica/EyeWitness/screens/http.pws.allegion.com.png,/home/kali/Desktop/practica/EyeWitness/source/http.pws.allegion.com.txt
http,80,bi.allegion.com,Timeout,/home/kali/Desktop/practica/EyeWitness/screens/http.bi.allegion.com.png,/home/kali/Desktop/practica/EyeWitness/source/http.bi.allegion.com.txt
http,80,webm.allegion.com,Timeout,/home/kali/Desktop/practica/EyeWitness/screens/http.webm.allegion.com.png,/home/kali/Desktop/practica/EyeWitness/source/http.webm.allegion.com.txt
http,80,sydney.allegion.com,Timeout,/home/kali/Desktop/practica/EyeWitness/screens/http.sydney.allegion.com.png,/home/kali/Desktop/practica/EyeWitness/source/http.sydney.allegion.com.txt
http,80,ax.allegion.com,Timeout,/home/kali/Desktop/practica/EyeWitness/screens/http.ax.allegion.com.png,/home/kali/Desktop/practica/EyeWitness/source/http.ax.allegion.com.txt
http,80,ns2.allegion.com,Timeout,/home/kali/Desktop/practica/EyeWitness/screens/http.ns2.allegion.com.png,/home/kali/Desktop/practica/EyeWitness/source/http.ns2.allegion.com.txt
http,80,dr.allegion.com,Timeout,/home/kali/Desktop/practica/EyeWitness/screens/http.dr.allegion.com.png,/home/kali/Desktop/practica/EyeWitness/source/http.dr.allegion.com.txt
http,80,blog.allegion.com,Successful,/home/kali/Desktop/practica/EyeWitness/screens/http.blog.allegion.com.png,/home/kali/Desktop/practica/EyeWitness/source/http.blog.allegion.com.txt
http,80,planviewer.allegion.com,Successful,/home/kali/Desktop/practica/EyeWitness/screens/http.planviewer.allegion.com.png,/home/kali/Desktop/practica/EyeWitness/source/http.planviewer.allegion.com.txt
http,80,de.allegion.com,Timeout,/home/kali/Desktop/practica/EyeWitness/screens/http.de.allegion.com.png,/home/kali/Desktop/practica/EyeWitness/source/http.de.allegion.com.txt
http,80,sts.allegion.com,Timeout,/home/kali/Desktop/practica/EyeWitness/screens/http.sts.allegion.com.png,/home/kali/Desktop/practica/EyeWitness/source/http.sts.allegion.com.txt
http,80,kss.allegion.com,Successful,/home/kali/Desktop/practica/EyeWitness/screens/http.kss.allegion.com.png,/home/kali/Desktop/practica/EyeWitness/source/http.kss.allegion.com.txt
http,80,prescription.allegion.com,Timeout,/home/kali/Desktop/practica/EyeWitness/screens/http.prescription.allegion.com.png,/home/kali/Desktop/practica/EyeWitness/source/http.prescription.allegion.com.txt
http,80,interflex.allegion.com,Successful,/home/kali/Desktop/practica/EyeWitness/screens/http.interflex.allegion.com.png,/home/kali/Desktop/practica/EyeWitness/source/http.interflex.allegion.com.txt
http,80,uk.allegion.com,BadStatus,/home/kali/Desktop/practica/EyeWitness/screens/http.uk.allegion.com.png,/home/kali/Desktop/practica/EyeWitness/source/http.uk.allegion.com.txt
http,80,academy.allegion.com,Timeout,/home/kali/Desktop/practica/EyeWitness/screens/http.academy.allegion.com.png,/home/kali/Desktop/practica/EyeWitness/source/http.academy.allegion.com.txt
http,80,welcome.allegion.com,Successful,/home/kali/Desktop/practica/EyeWitness/screens/http.welcome.allegion.com.png,/home/kali/Desktop/practica/EyeWitness/source/http.welcome.allegion.com.txt
http,80,mapper.allegion.com,Successful,/home/kali/Desktop/practica/EyeWitness/screens/http.planviewer.allegion.com.png,/home/kali/Desktop/practica/EyeWitness/source/http.mapper.allegion.com.txt
http,80,crmportal.allegion.com,Timeout,/home/kali/Desktop/practica/EyeWitness/screens/http.crmportal.allegion.com.png,/home/kali/Desktop/practica/EyeWitness/source/http.crmportal.allegion.com.txt
http,80,ns1.allegion.com,Timeout,/home/kali/Desktop/practica/EyeWitness/screens/http.ns1.allegion.com.png,/home/kali/Desktop/practica/EyeWitness/source/http.ns1.allegion.com.txt
http,80,ives.allegion.com,BadStatus,/home/kali/Desktop/practica/EyeWitness/screens/http.ives.allegion.com.png,/home/kali/Desktop/practica/EyeWitness/source/http.ives.allegion.com.txt
http,80,isupplier.allegion.com,Successful,/home/kali/Desktop/practica/EyeWitness/screens/http.isupplier.allegion.com.png,/home/kali/Desktop/practica/EyeWitness/source/http.isupplier.allegion.com.txt
http,80,mea.allegion.com,Successful,/home/kali/Desktop/practica/EyeWitness/screens/http.tr.allegion.com.png,/home/kali/Desktop/practica/EyeWitness/source/http.mea.allegion.com.txt
http,80,merlin.allegion.com,Timeout,/home/kali/Desktop/practica/EyeWitness/screens/http.merlin.allegion.com.png,/home/kali/Desktop/practica/EyeWitness/source/http.merlin.allegion.com.txt
http,80,alerts.allegion.com,Successful,/home/kali/Desktop/practica/EyeWitness/screens/http.alerts.allegion.com.png,/home/kali/Desktop/practica/EyeWitness/source/http.alerts.allegion.com.txt
http,80,access.allegion.com,Timeout,/home/kali/Desktop/practica/EyeWitness/screens/http.access.allegion.com.png,/home/kali/Desktop/practica/EyeWitness/source/http.access.allegion.com.txt
http,80,smetrics.allegion.com,Successful,/home/kali/Desktop/practica/EyeWitness/screens/http.kc.allegion.com.png,/home/kali/Desktop/practica/EyeWitness/source/http.smetrics.allegion.com.txt
http,80,gsx.allegion.com,Timeout,/home/kali/Desktop/practica/EyeWitness/screens/http.gsx.allegion.com.png,/home/kali/Desktop/practica/EyeWitness/source/http.gsx.allegion.com.txt
http,80,hongkong.allegion.com,Timeout,/home/kali/Desktop/practica/EyeWitness/screens/http.hongkong.allegion.com.png,/home/kali/Desktop/practica/EyeWitness/source/http.hongkong.allegion.com.txt
http,80,magento.allegion.com,Successful,/home/kali/Desktop/practica/EyeWitness/screens/http.magento.allegion.com.png,/home/kali/Desktop/practica/EyeWitness/source/http.magento.allegion.com.txt
http,80,metrics.allegion.com,Successful,/home/kali/Desktop/practica/EyeWitness/screens/http.kc.allegion.com.png,/home/kali/Desktop/practica/EyeWitness/source/http.metrics.allegion.com.txt
http,80,developer.allegion.com,Successful,/home/kali/Desktop/practica/EyeWitness/screens/http.developer.allegion.com.png,/home/kali/Desktop/practica/EyeWitness/source/http.developer.allegion.com.txt
http,80,sip.allegion.com,BadStatus,/home/kali/Desktop/practica/EyeWitness/screens/http.sip.allegion.com.png,/home/kali/Desktop/practica/EyeWitness/source/http.sip.allegion.com.txt
http,80,imp.allegion.com,Timeout,/home/kali/Desktop/practica/EyeWitness/screens/http.imp.allegion.com.png,/home/kali/Desktop/practica/EyeWitness/source/http.imp.allegion.com.txt
http,80,prm.allegion.com,Timeout,/home/kali/Desktop/practica/EyeWitness/screens/http.prm.allegion.com.png,/home/kali/Desktop/practica/EyeWitness/source/http.prm.allegion.com.txt
http,80,jobs.allegion.com,Timeout,/home/kali/Desktop/practica/EyeWitness/screens/http.jobs.allegion.com.png,/home/kali/Desktop/practica/EyeWitness/source/http.jobs.allegion.com.txt
http,80,pricingtool.allegion.com,Timeout,/home/kali/Desktop/practica/EyeWitness/screens/http.pricingtool.allegion.com.png,/home/kali/Desktop/practica/EyeWitness/source/http.pricingtool.allegion.com.txt
http,80,thegrid.allegion.com,Successful,/home/kali/Desktop/practica/EyeWitness/screens/http.autodiscover.allegion.com.png,/home/kali/Desktop/practica/EyeWitness/source/http.thegrid.allegion.com.txt
http,80,internalcomms.allegion.com,Successful,/home/kali/Desktop/practica/EyeWitness/screens/http.internalcomms.allegion.com.png,/home/kali/Desktop/practica/EyeWitness/source/http.internalcomms.allegion.com.txt
http,80,learningcenter.allegion.com,Successful,/home/kali/Desktop/practica/EyeWitness/screens/http.kc.allegion.com.png,/home/kali/Desktop/practica/EyeWitness/source/http.learningcenter.allegion.com.txt
http,80,lyncdiscover.allegion.com,Successful,/home/kali/Desktop/practica/EyeWitness/screens/http.lyncdiscover.allegion.com.png,/home/kali/Desktop/practica/EyeWitness/source/http.lyncdiscover.allegion.com.txt
http,80,tr.allegion.com,Successful,/home/kali/Desktop/practica/EyeWitness/screens/http.tr.allegion.com.png,/home/kali/Desktop/practica/EyeWitness/source/http.tr.allegion.com.txt
http,80,communication.allegion.com,Timeout,/home/kali/Desktop/practica/EyeWitness/screens/http.communication.allegion.com.png,/home/kali/Desktop/practica/EyeWitness/source/http.communication.allegion.com.txt
http,80,engagement.allegion.com,Successful,/home/kali/Desktop/practica/EyeWitness/screens/http.internalcomms.allegion.com.png,/home/kali/Desktop/practica/EyeWitness/source/http.engagement.allegion.com.txt
http,80,www.allegion.com,Successful,/home/kali/Desktop/practica/EyeWitness/screens/http.www.allegion.com.png,/home/kali/Desktop/practica/EyeWitness/source/http.www.allegion.com.txt
http,80,status.allegion.com,Successful,/home/kali/Desktop/practica/EyeWitness/screens/http.status.allegion.com.png,/home/kali/Desktop/practica/EyeWitness/source/http.status.allegion.com.txt
http,80,support.allegion.com,Successful,/home/kali/Desktop/practica/EyeWitness/screens/http.support.allegion.com.png,/home/kali/Desktop/practica/EyeWitness/source/http.support.allegion.com.txt
http,80,auth.allegion.com,Successful,/home/kali/Desktop/practica/EyeWitness/screens/http.auth.allegion.com.png,/home/kali/Desktop/practica/EyeWitness/source/http.auth.allegion.com.txt
http,80,notifications.allegion.com,Successful,/home/kali/Desktop/practica/EyeWitness/screens/http.notifications.allegion.com.png,/home/kali/Desktop/practica/EyeWitness/source/http.notifications.allegion.com.txt
http,80,investor.allegion.com,Timeout,/home/kali/Desktop/practica/EyeWitness/screens/http.investor.allegion.com.png,/home/kali/Desktop/practica/EyeWitness/source/http.investor.allegion.com.txt
http,80,alm.allegion.com,Successful,/home/kali/Desktop/practica/EyeWitness/screens/http.notifications.allegion.com.png,/home/kali/Desktop/practica/EyeWitness/source/http.alm.allegion.com.txt
http,80,groups.allegion.com,Successful,/home/kali/Desktop/practica/EyeWitness/screens/http.crmcases-api.allegion.com.png,/home/kali/Desktop/practica/EyeWitness/source/http.groups.allegion.com.txt
http,80,profile.allegion.com,Timeout,/home/kali/Desktop/practica/EyeWitness/screens/http.profile.allegion.com.png,/home/kali/Desktop/practica/EyeWitness/source/http.profile.allegion.com.txt
http,80,feedback.allegion.com,Successful,/home/kali/Desktop/practica/EyeWitness/screens/http.feedback.allegion.com.png,/home/kali/Desktop/practica/EyeWitness/source/http.feedback.allegion.com.txt
http,80,cmg.allegion.com,Successful,/home/kali/Desktop/practica/EyeWitness/screens/http.notifications.allegion.com.png,/home/kali/Desktop/practica/EyeWitness/source/http.cmg.allegion.com.txt
http,80,epub.allegion.com,Timeout,/home/kali/Desktop/practica/EyeWitness/screens/http.epub.allegion.com.png,/home/kali/Desktop/practica/EyeWitness/source/http.epub.allegion.com.txt
http,80,history.allegion.com,Successful,/home/kali/Desktop/practica/EyeWitness/screens/http.planviewer.allegion.com.png,/home/kali/Desktop/practica/EyeWitness/source/http.history.allegion.com.txt
http,80,careers.allegion.com,Timeout,/home/kali/Desktop/practica/EyeWitness/screens/http.careers.allegion.com.png,/home/kali/Desktop/practica/EyeWitness/source/http.careers.allegion.com.txt
http,80,communications.allegion.com,Successful,/home/kali/Desktop/practica/EyeWitness/screens/http.communications.allegion.com.png,/home/kali/Desktop/practica/EyeWitness/source/http.communications.allegion.com.txt
http,80,ns3.allegion.com,Timeout,/home/kali/Desktop/practica/EyeWitness/screens/http.ns3.allegion.com.png,/home/kali/Desktop/practica/EyeWitness/source/http.ns3.allegion.com.txt
http,80,tooling.allegion.com,Timeout,/home/kali/Desktop/practica/EyeWitness/screens/http.tooling.allegion.com.png,/home/kali/Desktop/practica/EyeWitness/source/http.tooling.allegion.com.txt
http,80,vip.allegion.com,Successful,/home/kali/Desktop/practica/EyeWitness/screens/http.interflex.allegion.com.png,/home/kali/Desktop/practica/EyeWitness/source/http.vip.allegion.com.txt
http,80,kc.allegion.com,Successful,/home/kali/Desktop/practica/EyeWitness/screens/http.kc.allegion.com.png,/home/kali/Desktop/practica/EyeWitness/source/http.kc.allegion.com.txt
http,80,live.allegion.com,Successful,/home/kali/Desktop/practica/EyeWitness/screens/http.planviewer.allegion.com.png,/home/kali/Desktop/practica/EyeWitness/source/http.live.allegion.com.txt
http,80,reports.allegion.com,Timeout,/home/kali/Desktop/practica/EyeWitness/screens/http.reports.allegion.com.png,/home/kali/Desktop/practica/EyeWitness/source/http.reports.allegion.com.txt
http,80,cases.allegion.com,Successful,/home/kali/Desktop/practica/EyeWitness/screens/http.crmcases-api.allegion.com.png,/home/kali/Desktop/practica/EyeWitness/source/http.cases.allegion.com.txt
http,80,design.allegion.com,Successful,/home/kali/Desktop/practica/EyeWitness/screens/http.design.allegion.com.png,/home/kali/Desktop/practica/EyeWitness/source/http.design.allegion.com.txt
http,80,portaladmin.allegion.com,Timeout,/home/kali/Desktop/practica/EyeWitness/screens/http.portaladmin.allegion.com.png,/home/kali/Desktop/practica/EyeWitness/source/http.portaladmin.allegion.com.txt
http,80,inventory.allegion.com,Timeout,/home/kali/Desktop/practica/EyeWitness/screens/http.inventory.allegion.com.png,/home/kali/Desktop/practica/EyeWitness/source/http.inventory.allegion.com.txt
http,80,reporting.allegion.com,Successful,/home/kali/Desktop/practica/EyeWitness/screens/http.planviewer.allegion.com.png,/home/kali/Desktop/practica/EyeWitness/source/http.reporting.allegion.com.txt
http,80,alliances.allegion.com,Successful,/home/kali/Desktop/practica/EyeWitness/screens/http.alliances.allegion.com.png,/home/kali/Desktop/practica/EyeWitness/source/http.alliances.allegion.com.txt
http,80,autodiscover.allegion.com,Successful,/home/kali/Desktop/practica/EyeWitness/screens/http.autodiscover.allegion.com.png,/home/kali/Desktop/practica/EyeWitness/source/http.autodiscover.allegion.com.txt
http,80,portal.allegion.com,Successful,/home/kali/Desktop/practica/EyeWitness/screens/http.portal.allegion.com.png,/home/kali/Desktop/practica/EyeWitness/source/http.portal.allegion.com.txt
http,80,ips.allegion.com,Timeout,/home/kali/Desktop/practica/EyeWitness/screens/http.ips.allegion.com.png,/home/kali/Desktop/practica/EyeWitness/source/http.ips.allegion.com.txt
http,80,us.allegion.com,Timeout,/home/kali/Desktop/practica/EyeWitness/screens/http.us.allegion.com.png,/home/kali/Desktop/practica/EyeWitness/source/http.us.allegion.com.txt
http,80,msoid.allegion.com,Successful,/home/kali/Desktop/practica/EyeWitness/screens/http.msoid.allegion.com.png,/home/kali/Desktop/practica/EyeWitness/source/http.msoid.allegion.com.txt
http,80,securemail.allegion.com,BadStatus,/home/kali/Desktop/practica/EyeWitness/screens/http.securemail.allegion.com.png,/home/kali/Desktop/practica/EyeWitness/source/http.securemail.allegion.com.txt
http,80,instructions.allegion.com,Successful,/home/kali/Desktop/practica/EyeWitness/screens/http.instructions.allegion.com.png,/home/kali/Desktop/practica/EyeWitness/source/http.instructions.allegion.com.txt
http,80,gateway.allegion.com,Successful,/home/kali/Desktop/practica/EyeWitness/screens/http.gateway.allegion.com.png,/home/kali/Desktop/practica/EyeWitness/source/http.gateway.allegion.com.txt
http,80,home.allegion.com,Successful,/home/kali/Desktop/practica/EyeWitness/screens/http.home.allegion.com.png,/home/kali/Desktop/practica/EyeWitness/source/http.home.allegion.com.txt
http,80,orderstatus.allegion.com,Successful,/home/kali/Desktop/practica/EyeWitness/screens/http.crmcases-api.allegion.com.png,/home/kali/Desktop/practica/EyeWitness/source/http.orderstatus.allegion.com.txt
http,80,api.allegion.com,Successful,/home/kali/Desktop/practica/EyeWitness/screens/http.api.allegion.com.png,/home/kali/Desktop/practica/EyeWitness/source/http.api.allegion.com.txt
http,80,cdn.yonomi.co,Successful,/home/kali/Desktop/practica/EyeWitness/screens/http.cdn.yonomi.co.png,/home/kali/Desktop/practica/EyeWitness/source/http.cdn.yonomi.co.txt
http,80,status.yonomi.co,Successful,/home/kali/Desktop/practica/EyeWitness/screens/http.status.yonomi.co.png,/home/kali/Desktop/practica/EyeWitness/source/http.status.yonomi.co.txt
http,80,www.yonomi.co,Successful,/home/kali/Desktop/practica/EyeWitness/screens/http.www.yonomi.co.png,/home/kali/Desktop/practica/EyeWitness/source/http.www.yonomi.co.txt
http,80,auth.yonomi.co,Successful,/home/kali/Desktop/practica/EyeWitness/screens/http.auth.staging.yonomi.co.png,/home/kali/Desktop/practica/EyeWitness/source/http.auth.yonomi.co.txt
http,80,api.yonomi.co,Successful,/home/kali/Desktop/practica/EyeWitness/screens/http.kc.allegion.com.png,/home/kali/Desktop/practica/EyeWitness/source/http.api.yonomi.co.txt
http,80,dashboard.yonomi.co,Successful,/home/kali/Desktop/practica/EyeWitness/screens/http.auth.staging.yonomi.co.png,/home/kali/Desktop/practica/EyeWitness/source/http.dashboard.yonomi.co.txt
http,80,tts.yonomi.co,Successful,/home/kali/Desktop/practica/EyeWitness/screens/http.kc.allegion.com.png,/home/kali/Desktop/practica/EyeWitness/source/http.tts.yonomi.co.txt
http,80,developer.yonomi.co,Timeout,/home/kali/Desktop/practica/EyeWitness/screens/http.developer.yonomi.co.png,/home/kali/Desktop/practica/EyeWitness/source/http.developer.yonomi.co.txt
http,80,email.yonomi.co,BadStatus,/home/kali/Desktop/practica/EyeWitness/screens/http.email.yonomi.co.png,/home/kali/Desktop/practica/EyeWitness/source/http.email.yonomi.co.txt
http,80,data.yonomi.co,Successful,/home/kali/Desktop/practica/EyeWitness/screens/http.kc.allegion.com.png,/home/kali/Desktop/practica/EyeWitness/source/http.data.yonomi.co.txt
http,80,apps.yonomi.co,Successful,/home/kali/Desktop/practica/EyeWitness/screens/http.connectors-dev.yonomi.co.png,/home/kali/Desktop/practica/EyeWitness/source/http.apps.yonomi.co.txt
http,80,support.yonomi.co,Timeout,/home/kali/Desktop/practica/EyeWitness/screens/http.support.yonomi.co.png,/home/kali/Desktop/practica/EyeWitness/source/http.support.yonomi.co.txt